id,type,status,slug,title,date,modified,content_len,has_elementor,elementor_len,yoast_title,yoast_metadesc,yoast_canonical,yoast_noindex,yoast_focus_kw,guid
1050,case-study,publish,a-rare-occurrence-of-small-cell-carcinoma,A Rare Occurrence Of Small  Cell Carcinoma,2020-05-02 09:50:47,2020-05-02 09:50:47,9417,True,23689,,,,,,http://demo.7iquid.com/medcaline/?post_type=case-study&#038;p=1050
1060,case-study,publish,john-seriously-psychologically-customer-satisfaction,John Seriously Psychologically Customer Satisfaction,2020-05-02 09:56:56,2020-05-02 09:56:56,9469,True,23700,,,,,,http://demo.7iquid.com/medcaline/?post_type=case-study&#038;p=1060
1054,case-study,publish,overcoming-difficulties-to-come-to-love,Overcoming Difficulties To  Come to Love,2020-05-02 09:53:58,2020-05-02 09:53:58,9405,True,23687,,,,,,http://demo.7iquid.com/medcaline/?post_type=case-study&#038;p=1054
1057,case-study,publish,serious-mental-disorders-resolved-how,"Serious Mental Disorders,  Resolved How",2020-05-02 09:55:28,2020-05-02 09:55:28,9399,True,23686,,,,,,http://demo.7iquid.com/medcaline/?post_type=case-study&#038;p=1057
1047,case-study,publish,successful-percutaneous-closure-of-unusually,Successful Percutaneous  Closure Of Unusually,2020-05-02 09:48:34,2020-05-02 09:48:34,9430,True,23692,,,,,,http://demo.7iquid.com/medcaline/?post_type=case-study&#038;p=1047
458,case-study,publish,what-is-the-most-famous-case-study,What Is The Most Famous  Case Study,2020-04-19 08:06:32,2020-04-19 08:06:32,9380,True,23682,,,,,,http://demo.7iquid.com/medcaline/?post_type=case-study&#038;p=458
3401,elementor-hf,publish,footer-elementor,Footer Elementor,2023-11-10 15:05:50,2025-01-07 11:01:41,3963,True,7760,,,,,,https://psychologuenantes-vincentrousseau.fr/?post_type=elementor-hf&#038;p=3401
1642,elementor_library,publish,about_tab_1-using,About_Tab_1 (using),2020-05-04 12:12:02,2020-05-04 12:12:02,1422,True,4345,,,,,,http://demo.7iquid.com/medcaline/?post_type=elementor_library&#038;p=1642
1651,elementor_library,publish,about_tab_2-using,About_Tab_2 (using),2020-05-04 13:05:18,2020-05-04 13:05:18,2304,True,5404,,,,,,http://demo.7iquid.com/medcaline/?post_type=elementor_library&#038;p=1651
41,elementor_library,publish,default-kit,Default Kit,2020-04-08 17:24:55,2020-04-08 17:24:55,0,False,0,,,,,,http://demo.7iquid.com/medcaline/?elementor_library=default-kit
3351,elementor_library,publish,default-kit-2,Default Kit,2023-11-10 10:56:57,2023-12-22 11:03:56,0,False,0,,,,,,https://psychologuenantes-vincentrousseau.fr/?elementor_library=default-kit-2
1952,elementor_library,publish,location_tab_1-using,Location_Tab_1 (using),2020-05-08 11:41:56,2020-05-08 11:41:56,8773,True,5357,,,,,,http://demo.7iquid.com/medcaline/?post_type=elementor_library&#038;p=1952
1981,elementor_library,publish,location_tab_2-using,Location_Tab_2 (using),2020-05-08 13:01:03,2020-05-08 13:01:03,8767,True,5316,,,,,,http://demo.7iquid.com/medcaline/?post_type=elementor_library&#038;p=1981
1985,elementor_library,publish,location_tab_3-using,Location_Tab_3 (using),2020-05-08 13:04:29,2020-05-08 13:04:29,8768,True,5317,,,,,,http://demo.7iquid.com/medcaline/?post_type=elementor_library&#038;p=1985
46,footer,publish,footer-1,Footer 1,2020-04-09 04:38:25,2020-04-09 04:38:25,3150,True,15466,,,,,,http://demo.7iquid.com/medcaline/?post_type=footer&#038;p=46
203,footer,publish,footer-2,Footer 2,2020-04-09 19:04:25,2023-11-15 12:27:37,3309,True,10203,,,,,,http://demo.7iquid.com/medcaline/?post_type=footer&#038;p=203
1835,forum,publish,behavioral-psychology,Behavioral Psychology,2020-05-06 02:01:01,2020-05-06 02:01:01,85,False,0,,,,,,http://demo.7iquid.com/medcaline/?post_type=forum&#038;p=1835
1833,forum,publish,biological-psychology,Biological Psychology,2020-05-06 02:00:38,2020-05-06 02:00:38,79,False,0,,,,,,http://demo.7iquid.com/medcaline/?post_type=forum&#038;p=1833
1882,forum,publish,clinical-psychology,Clinical Psychology,2020-05-06 09:44:54,2020-05-06 09:44:54,86,False,0,,,,,,http://demo.7iquid.com/medcaline/?post_type=forum&#038;p=1882
1837,forum,publish,cognitive-psychology,Cognitive Psychology,2020-05-06 02:01:56,2020-05-06 02:01:56,84,False,0,,,,,,http://demo.7iquid.com/medcaline/?post_type=forum&#038;p=1837
1796,forum,publish,general-psychology,General Psychology,2020-05-05 09:26:13,2020-05-05 09:26:13,82,False,0,,,,,,http://demo.7iquid.com/medcaline/?post_type=forum&#038;p=1796
1839,forum,publish,social-psychology,Social Psychology,2020-05-06 02:02:10,2020-05-06 02:02:10,97,False,0,,,,,,http://demo.7iquid.com/medcaline/?post_type=forum&#038;p=1839
1884,forum,publish,unconscious-mind,Unconscious Mind,2020-05-06 09:45:17,2020-05-06 09:45:17,77,False,0,,,,,,http://demo.7iquid.com/medcaline/?post_type=forum&#038;p=1884
1079,lq-team,publish,angela-nguyen,Angela Nguyen,2020-05-02 12:21:12,2020-05-02 12:21:12,2955,True,12247,,,,,,http://demo.7iquid.com/medcaline/?post_type=lq-team&#038;p=1079
1088,lq-team,publish,julia-dreams,Julia Dreams,2020-05-02 15:30:05,2020-05-02 15:30:05,2955,True,12247,,,,,,http://demo.7iquid.com/medcaline/?post_type=lq-team&#038;p=1088
1094,lq-team,publish,kevin-stiller,Kevin Stiller,2020-05-02 15:35:51,2020-05-02 15:35:51,2955,True,12247,,,,,,http://demo.7iquid.com/medcaline/?post_type=lq-team&#038;p=1094
285,lq-team,publish,marina-husban,Marina Husban,2020-05-02 15:38:04,2020-05-02 15:38:04,2955,True,12247,,,,,,http://demo.7iquid.com/medcaline/?post_type=lq-team&#038;p=285
1091,lq-team,publish,roman-sould,Roman Sould,2020-05-02 15:37:09,2020-05-02 15:37:09,2955,True,12247,,,,,,http://demo.7iquid.com/medcaline/?post_type=lq-team&#038;p=1091
1097,lq-team,publish,thomas-rice,Thomas Rice,2020-05-01 15:37:19,2020-05-01 15:37:19,2955,True,12247,,,,,,http://demo.7iquid.com/medcaline/?post_type=lq-team&#038;p=1097
3980,nav_menu_item,publish,24-questions-sur-la-psychanalyse-pdf,24 questions sur la psychanalyse (PDF),2023-11-15 09:37:21,2023-11-15 09:37:21,0,False,0,,,,,,https://psychologuenantes-vincentrousseau.fr/?p=3980
3328,nav_menu_item,publish,3328,FAQ,2023-11-13 12:34:31,2023-11-13 12:34:31,0,False,0,,,,,,https://psychologuenantes-vincentrousseau.fr/index.php/2023/11/10/3328/
3510,nav_menu_item,publish,3510,,2023-11-13 12:34:31,2023-11-13 12:34:31,0,False,0,,,,,,https://psychologuenantes-vincentrousseau.fr/?p=3510
3512,nav_menu_item,publish,3512,A propos,2023-11-13 12:34:31,2023-11-13 12:34:31,0,False,0,,,,,,https://psychologuenantes-vincentrousseau.fr/?p=3512
3513,nav_menu_item,publish,3513,"Qui, quand, où ?",2023-11-13 12:34:31,2023-11-13 12:34:31,0,False,0,,,,,,https://psychologuenantes-vincentrousseau.fr/?p=3513
3514,nav_menu_item,publish,3514,Infos légales,2023-11-13 12:34:31,2023-11-13 12:34:31,0,False,0,,,,,,https://psychologuenantes-vincentrousseau.fr/?p=3514
3691,nav_menu_item,publish,3691,,2023-11-13 12:34:31,2023-11-13 12:34:31,0,False,0,,,,,,https://psychologuenantes-vincentrousseau.fr/?p=3691
3725,nav_menu_item,publish,3725,,2023-11-15 09:37:20,2023-11-15 09:37:20,0,False,0,,,,,,https://psychologuenantes-vincentrousseau.fr/?p=3725
3726,nav_menu_item,publish,3726,,2023-11-15 09:37:20,2023-11-15 09:37:20,0,False,0,,,,,,https://psychologuenantes-vincentrousseau.fr/?p=3726
3752,nav_menu_item,publish,3752,,2023-11-15 09:37:20,2023-11-15 09:37:20,0,False,0,,,,,,https://psychologuenantes-vincentrousseau.fr/?p=3752
3692,nav_menu_item,publish,accueil,Accueil,2023-11-13 12:34:31,2023-11-13 12:34:31,0,False,0,,,,,,https://psychologuenantes-vincentrousseau.fr/?p=3692
3979,nav_menu_item,publish,efficacite-psychanalyse-pdf,Efficacité psychanalyse (PDF),2023-11-15 09:37:21,2023-11-15 09:37:21,0,False,0,,,,,,https://psychologuenantes-vincentrousseau.fr/?p=3979
3511,nav_menu_item,publish,les-differents-psy,Les « Psy »,2023-11-13 12:34:31,2023-11-13 12:34:31,0,False,0,,,,,,https://psychologuenantes-vincentrousseau.fr/?p=3511
3807,nav_menu_item,publish,plan-du-site,Plan du site,2023-11-15 09:37:20,2023-11-15 09:37:20,0,False,0,,,,,,https://psychologuenantes-vincentrousseau.fr/?p=3807
1432,page,publish,aide-faq,Aide &amp; FAQ,2020-05-04 02:21:16,2024-07-17 11:50:16,11531,True,15016,,Réponses expertes à vos questions sur la santé mentale avec notre FAQ Psychologue à Nantes. Le soutien nécessaire pour votre bien-être.,,,FAQ psychologue,http://demo.7iquid.com/medcaline/?page_id=1432
3686,page,publish,contact-psychologue-clinicien-nantes,Contact,2023-11-13 12:31:26,2024-05-31 09:59:31,3211,True,8489,,Trouvez un équilibre émotionnel avec un psychologue à Nantes. Contactez-moi pour un soutien professionnel et une écoute bienveillante.,,,Contact Psychologue Nantes,https://psychologuenantes-vincentrousseau.fr/?page_id=3686
2065,page,publish,dispositions-legales,Dispositions légales,2020-05-09 04:51:58,2024-05-31 09:58:37,6878,True,8649,,Explorez mes dispositions légales encadrant mon métier de psychologue à Nantes. Informations N° Siret et Adeli.,,,Dispositions légales psychologue,http://demo.7iquid.com/medcaline/?page_id=2065
3492,page,publish,galerie,Galerie,2023-11-10 18:07:03,2024-05-31 09:59:15,5470,True,2185,,Découvrez l'expertise unique de notre galerie psychologue. Des œuvres qui transcendent l'âme et guident vers l'épanouissement mental.,,,Galerie psychologue,https://psychologuenantes-vincentrousseau.fr/?page_id=3492
739,page,publish,home-main,Page d'accueil,2020-04-22 09:24:12,2024-07-31 15:43:15,24917,True,68123,Vincent Rousseau - Psychologue Nantes & Psychanalyste,"Psychologue Nantes & Psychanalyste. Une approche thérapeutique sur la parole et l'écoute, où le symptôme est porteur de sens.",,,Psychologue Nantes,http://demo.7iquid.com/medcaline/?page_id=739
3737,page,publish,mentions-legales,Mentions Légales,2023-11-13 14:30:19,2025-01-07 10:04:51,2348,True,6388,,Consultez nos mentions légales pour des services psychologiques fiables à Nantes. Expertise professionnelle et confidentialité assurées.,,,Mentions Légales psychologue nantes,https://psychologuenantes-vincentrousseau.fr/?page_id=3737
4176,page,publish,merci-pour-votre-demande,Merci pour votre demande !,2024-01-22 17:10:23,2024-01-22 17:56:10,1063,True,1655,,Trouvez un équilibre émotionnel avec un psychologue à Nantes. Contactez-moi pour un soutien professionnel et une écoute bienveillante.,,,Contact Psychologue Nantes,https://psychologuenantes-vincentrousseau.fr/?page_id=4176
3502,page,publish,politique-de-cookies-ue,Politique de cookies (UE),2023-11-10 18:23:13,2023-11-13 15:35:00,52,False,0,,Explorez ma politique de cookies pour une expérience en ligne optimale avec mon cabinet de psychologie situé à Nantes.,,,Politique de cookies Psychologue,https://psychologuenantes-vincentrousseau.fr/index.php/politique-de-cookies-ue/
3430,page,publish,psychanalyste-nantes,"Qui, quand et où ?",2023-11-10 16:38:23,2024-05-31 09:57:59,4206,True,10330,"Psychanalyste Nantes Vincent Rousseau - Qui, quand et où ?","Vincent Rousseau, Psychanalyste à Nantes pour comprendre et surmonter vos défis mentaux. Qui, quand et où? Découvrez la clarté intérieure.",,,Psychanalyste Nantes,https://psychologuenantes-vincentrousseau.fr/?page_id=3430
1117,page,publish,psychologue-clinicien-nantes,Pourquoi consulter ? Qu’est-ce que je propose ?,2020-05-03 01:44:54,2024-05-31 09:53:58,7625,True,13493,Psychothérapeute Nantes - Vincent Rousseau,Votre psychothérapeute à Nantes pour surmonter vos épreuves. Accompagnement bienveillant et professionnel pour votre bien-être psychologique.,,,Psychothérapeute Nantes,http://demo.7iquid.com/medcaline/?page_id=1117
3445,page,publish,psychologue-clinicien-psychotherapeute-psychiatre-psychanalyste,"Les différents ""Psy""",2023-11-10 16:52:49,2024-05-31 09:57:41,8136,True,17368,,"Découvrez les différents ""Psy"" et explorez les domaines fascinants de la psychologie. Bien-être mental et écoute à portée de main.",,,"Les différents ""Psy""",https://psychologuenantes-vincentrousseau.fr/?page_id=3445
3533,page,publish,rendez-vous-psychologue-nantes,Prendre RDV,2023-11-11 17:13:19,2025-10-29 15:24:41,3305,True,10000,,Rendez-vous psychologue Nantes : Prenez- rendez-vous par téléphone ou par mail. Vincent Rousseau Psychologue Clinicien et Psychanalyste.,,,Rendez-vous psychologue Nantes,https://psychologuenantes-vincentrousseau.fr/?page_id=3533
4578,post,auto-draft,,Brouillon auto,2026-09-07 17:23:21,2026-09-07 17:23:21,0,False,0,,,,,,https://psychologuenantes-vincentrousseau.fr/?p=4578
344,post,publish,10-quarantine-activities-that-dont-involve-watching-the-news,10 Quarantine Activities That Don’t Involve Watching the News,2019-12-14 03:50:22,2019-12-14 03:50:22,2657,False,0,,,,,,http://demo.7iquid.com/medcaline/?p=344
340,post,publish,building-a-new-world,Building a New World,2019-12-13 03:49:34,2019-12-13 03:49:34,2657,False,0,,,,,,http://demo.7iquid.com/medcaline/?p=340
382,post,publish,how-to-catch-the-happiness,How to catch the happiness,2019-10-05 16:24:19,2019-10-05 16:24:19,2657,False,0,,,,,,http://demo.7iquid.com/medcaline/?p=382
346,post,publish,how-to-cope-with-coronavirus-caused-mental-health-concerns,How to Cope with Coronavirus-Caused Mental Health Concerns,2020-02-23 03:50:40,2020-02-23 03:50:40,2669,False,0,,,,,,http://demo.7iquid.com/medcaline/?p=346
342,post,publish,is-it-important-to-say-please-and-thank-you-to-your-partner,Is It Important to Say “Please” and “Thank You” to Your Partner?,2020-02-20 03:49:56,2020-02-20 03:49:56,2657,False,0,,,,,,http://demo.7iquid.com/medcaline/?p=342
23,post,publish,strict-analysis-in-the-situation,Strict Analysis in the Situation,2019-11-06 10:58:28,2019-11-06 10:58:28,2657,False,0,,,,,,http://demo.7iquid.com/medcaline/?p=23
372,post,publish,three-secrets-to-beat-performance-anxiety,Three secrets to Beat Performance Anxiety,2019-11-07 11:45:04,2019-11-07 11:45:04,2657,False,0,,,,,,http://demo.7iquid.com/medcaline/?p=372
3068,product,publish,analyze-people,Analyze People,2020-05-14 18:43:38,2023-11-10 10:43:34,278,False,0,,,,,,http://demo.7iquid.com/medcaline/product/import-placeholder-for-31/
3063,product,publish,founds-fire,Found&#039;s Fire,2020-05-14 18:43:38,2023-11-10 10:43:34,278,False,0,,,,,,http://demo.7iquid.com/medcaline/product/import-placeholder-for-19/
3069,product,publish,how-to-analyze-people,How To Analyze People,2020-05-14 18:43:39,2023-11-10 10:43:34,278,False,0,,,,,,http://demo.7iquid.com/medcaline/product/import-placeholder-for-33/
3066,product,publish,inside-every-mind,Inside Every Mind,2020-05-14 18:43:38,2023-11-10 10:43:34,1291,False,0,,,,,,http://demo.7iquid.com/medcaline/product/import-placeholder-for-22/
3065,product,publish,psychology-oppression,Psychology Oppression,2020-05-14 18:43:38,2023-11-10 10:43:34,278,False,0,,,,,,http://demo.7iquid.com/medcaline/product/import-placeholder-for-21/
3067,product,publish,the-psychology-of-war,The Psychology Of War,2020-05-14 18:43:38,2023-11-10 10:43:34,278,False,0,,,,,,http://demo.7iquid.com/medcaline/product/import-placeholder-for-30/
3064,product,publish,tyrannical-minds,Tyrannical Minds,2020-05-14 18:43:38,2023-11-10 10:43:34,278,False,0,,,,,,http://demo.7iquid.com/medcaline/product/import-placeholder-for-20/
1859,reply,publish,1859,,2020-05-06 02:20:04,2020-05-06 02:20:04,774,False,0,,,,,,http://demo.7iquid.com/medcaline/forums/reply/1859/
1863,reply,publish,1863,,2020-05-06 02:27:09,2020-05-06 02:27:09,1296,False,0,,,,,,http://demo.7iquid.com/medcaline/forums/reply/1863/
1864,reply,publish,1864,,2020-05-06 02:28:05,2020-05-06 02:28:05,266,False,0,,,,,,http://demo.7iquid.com/medcaline/forums/reply/1864/
1865,reply,publish,1865,,2020-05-06 02:28:43,2020-05-06 02:28:43,807,False,0,,,,,,http://demo.7iquid.com/medcaline/forums/reply/1865/
862,service,publish,career-counseling,Career Counseling,2020-04-12 10:57:47,2020-04-12 10:57:47,7664,True,21158,,,,,,http://demo.7iquid.com/medcaline/?post_type=service&#038;p=862
867,service,publish,chronic-impulsivity,Chronic Impulsivity,2020-04-10 11:00:13,2020-04-10 11:00:13,7666,True,21160,,,,,,http://demo.7iquid.com/medcaline/?post_type=service&#038;p=867
649,service,publish,dating-relationship,Dating &amp; Relationship,2020-04-20 17:31:58,2020-04-20 17:31:58,7668,True,21162,,,,,,http://demo.7iquid.com/medcaline/?post_type=service&#038;p=649
849,service,publish,family-psychology,Family Psychology,2020-04-16 10:53:47,2020-04-16 10:53:47,7664,True,21158,,,,,,http://demo.7iquid.com/medcaline/?post_type=service&#038;p=849
841,service,publish,self-esteem-issues,Self-Esteem Issues,2020-04-18 10:36:36,2020-04-18 10:36:36,7665,True,21159,,,,,,http://demo.7iquid.com/medcaline/?post_type=service&#038;p=841
856,service,publish,young-adult-intensive,Young Adult Intensive,2020-04-14 10:55:46,2020-04-14 10:55:46,7668,True,21162,,,,,,http://demo.7iquid.com/medcaline/?post_type=service&#038;p=856
1847,topic,publish,behavioral-psychology-is-an-oxymoron,&quot;behavioral psychology&quot; is an oxymoron.,2020-05-06 02:14:15,2020-05-06 02:14:15,0,False,0,,,,,,http://demo.7iquid.com/medcaline/?post_type=topic&#038;p=1847
1829,topic,publish,help-us-with-psychology-research,Help us with psychology research,2020-05-05 12:43:35,2020-05-05 12:43:35,0,False,0,,,,,,http://demo.7iquid.com/medcaline/?post_type=topic&#038;p=1829
1857,topic,publish,how-to-encourage-a-person-who-has-given-up,How to encourage a person who has given up?,2020-05-06 02:16:10,2020-05-06 02:16:10,0,False,0,,,,,,http://demo.7iquid.com/medcaline/?post_type=topic&#038;p=1857
1855,topic,publish,humanists-and-digitheads-whats-the-difference,Humanists and digitheads: what&#039;s the difference?,2020-05-06 02:15:51,2020-05-06 02:15:51,0,False,0,,,,,,http://demo.7iquid.com/medcaline/?post_type=topic&#038;p=1855
1845,topic,publish,neuroscience-to-physics-athenes-theory-of-everything,Neuroscience to physics - Athenes theory of everything,2020-05-06 02:13:49,2020-05-06 02:13:49,0,False,0,,,,,,http://demo.7iquid.com/medcaline/?post_type=topic&#038;p=1845
1849,topic,publish,sex-and-violence,Sex and Violence,2020-05-06 02:14:47,2020-05-06 02:14:47,0,False,0,,,,,,http://demo.7iquid.com/medcaline/?post_type=topic&#038;p=1849
1843,topic,publish,the-nature-of-things-changing-your-mind,The nature of things - Changing your mind,2020-05-06 02:13:16,2020-05-06 02:13:16,0,False,0,,,,,,http://demo.7iquid.com/medcaline/?post_type=topic&#038;p=1843
1853,topic,publish,the-psychology-behind-a-handshake,The Psychology behind a Handshake,2020-05-06 02:15:28,2020-05-06 02:15:28,0,False,0,,,,,,http://demo.7iquid.com/medcaline/?post_type=topic&#038;p=1853
1831,topic,publish,true-love,True love?,2020-05-06 01:59:36,2020-05-06 01:59:36,0,False,0,,,,,,http://demo.7iquid.com/medcaline/?post_type=topic&#038;p=1831
1851,topic,publish,why-there-is-more-drawings-of-pokemon-than-call-of-duty,why there is more drawings of pokemon than call of duty?,2020-05-06 02:15:12,2020-05-06 02:15:12,0,False,0,,,,,,http://demo.7iquid.com/medcaline/?post_type=topic&#038;p=1851
